Date,Product,SKU,Quantity,Unit Type,Price Per Unit ($),Multiplier,Owner,Repository Slug,Username,Actions Workflow,Notes
2024-07-01,GitHub Actions,GHA-001,10,Minutes,0.008,1.0,owner1,repo1,user1,CI/CD,Initial setup
2024-07-02,GitHub Actions,GHA-002,20,Minutes,0.008,1.0,owner2,repo2,user2,Build,Build job
2024-07-03,GitHub Actions,GHA-003,15,Minutes,0.008,1.0,owner3,repo3,user3,Test,Unit tests
2024-07-04,GitHub Actions,GHA-004,30,Minutes,0.008,1.0,owner4,repo4,user4,Deploy,Deployment to production
2024-07-05,GitHub Actions,GHA-005,25,Minutes,0.008,1.0,owner5,repo5,user5,CI/CD,Integration tests
2024-07-06,GitHub Actions,GHA-006,40,Minutes,0.008,1.0,owner6,repo6,user6,Build,Build and package
2024-07-07,GitHub Actions,GHA-007,35,Minutes,0.008,1.0,owner7,repo7,user7,Test,End-to-end tests
2024-07-08,GitHub Actions,GHA-008,50,Minutes,0.008,1.0,owner8,repo8,user8,Deploy,Staging deployment
2024-07-09,GitHub Actions,GHA-009,45,Minutes,0.008,1.0,owner9,repo9,user9,CI/CD,Smoke tests
2024-07-10,GitHub Actions,GHA-010,60,Minutes,0.008,1.0,owner10,repo10,user10,Build,Full build
2024-07-11,GitHub Actions,GHA-011,55,Minutes,0.008,1.0,owner11,repo11,user11,Test,Regression tests
2024-07-12,GitHub Actions,GHA-012,65,Minutes,0.008,1.0,owner12,repo12,user12,Deploy,Production deployment
2024-07-13,GitHub Actions,GHA-013,70,Minutes,0.008,1.0,owner13,repo13,user13,CI/CD,Security scan
2024-07-14,GitHub Actions,GHA-014,75,Minutes,0.008,1.0,owner14,repo14,user14,Build,Build artifacts
2024-07-15,GitHub Actions,GHA-015,80,Minutes,0.008,1.0,owner15,repo15,user15,Test,Load testing
2024-07-16,GitHub Actions,GHA-016,85,Minutes,0.008,1.0,owner16,repo16,user16,Deploy,Canary release
2024-07-17,GitHub Actions,GHA-017,90,Minutes,0.008,1.0,owner17,repo17,user17,CI/CD,Code quality check
2024-07-18,GitHub Actions,GHA-018,95,Minutes,0.008,1.0,owner18,repo18,user18,Build,Compile code
2024-07-19,GitHub Actions,GHA-019,100,Minutes,0.008,1.0,owner19,repo19,user19,Test,Integration tests
2024-07-20,GitHub Actions,GHA-020,105,Minutes,0.008,1.0,owner20,repo20,user20,Deploy,Release to production
2024-07-21,GitHub Actions,GHA-021,110,Minutes,0.008,1.0,owner21,repo21,user21,CI/CD,Dependency update
2024-07-22,GitHub Actions,GHA-022,115,Minutes,0.008,1.0,owner22,repo22,user22,Build,Prepare build
2024-07-23,GitHub Actions,GHA-023,120,Minutes,0.008,1.0,owner23,repo23,user23,Test,System tests
2024-07-24,GitHub Actions,GHA-024,125,Minutes,0.008,1.0,owner24,repo24,user24,Deploy,Hotfix deployment
2024-07-25,GitHub Actions,GHA-025,130,Minutes,0.008,1.0,owner25,repo25,user25,CI/CD,Pipeline setup
2024-07-26,GitHub Actions,GHA-026,135,Minutes,0.008,1.0,owner26,repo26,user26,Build,Build configuration
2024-07-27,GitHub Actions,GHA-027,140,Minutes,0.008,1.0,owner27,repo27,user27,Test,Performance tests
2024-07-28,GitHub Actions,GHA-028,145,Minutes,0.008,1.0,owner28,repo28,user28,Deploy,Rolling update
2024-07-29,GitHub Actions,GHA-029,150,Minutes,0.008,1.0,owner29,repo29,user29,CI/CD,Version bump
2024-07-30,GitHub Actions,GHA-030,155,Minutes,0.008,1.0,owner30,repo30,user30,Build,Prepare release
